{
  "hand_tuned_tpm": [
    [
      0.97,
      0.02,
      0.01
    ],
    [
      0.03,
      0.95,
      0.02
    ],
    [
      0.05,
      0.02,
      0.93
    ]
  ],
  "em_estimated_tpm": [
    [
      0.866086549619278,
      0.0713499175212218,
      0.06256353285950025
    ],
    [
      0.10484248348080787,
      0.6906998269569117,
      0.20445768956228036
    ],
    [
      0.1089831783802304,
      0.2691955492837753,
      0.6218212723359944
    ]
  ],
  "em_convergence": [
    0.11733515838004505,
    0.12256333653942386,
    0.045451028529211346,
    0.01536688962652355,
    0.004854468806766543,
    0.0016474537491707464,
    0.0005968458270345645,
    0.0002741184271597419,
    0.00012658905296325518,
    5.8408211188298864e-05,
    2.6981807719428375e-05,
    1.2465591703425538e-05,
    5.760738748472605e-06,
    2.6623552482618607e-06,
    1.2304539461771569e-06,
    5.686515667235881e-07
  ],
  "branch_order": [
    "soft_landing",
    "stagflation",
    "recession"
  ],
  "hand_tuned": {
    "log_likelihood": -39623.55,
    "contraction_auc": 0.7407,
    "events_detected": 11
  },
  "em_estimated": {
    "log_likelihood": -39623.55,
    "contraction_auc": 0.7407,
    "events_detected": 11
  },
  "diebold_mariano": {
    "dm_stat": 0.0,
    "p_value": 1.0,
    "verdict": "no significant difference"
  }
}