{
  "flat": {
    "statistic": 30.693771321829775,
    "p_value": 0.059365165155401356,
    "max_lag": 20,
    "autocorrelations": [
      -0.024344784157371003,
      -0.008857067578680624,
      -0.005221846430457609,
      -0.026587369155095124,
      0.007765428467243964,
      0.02080982047771361,
      -0.001932641527743215,
      0.018361479250320164,
      0.016476593682700203,
      0.003809887609542244,
      -0.01735740453466525,
      -0.014505186932876793,
      -0.0021061993500422344,
      0.005879798115359543,
      0.007903777459031444,
      0.023889803602532504,
      0.033461853972806134,
      -0.006330305948890597,
      0.022413630170945227,
      0.02739004939525615
    ],
    "is_white": true
  },
  "curved": {
    "statistic": 50.291619006768116,
    "p_value": 0.00020115339325033066,
    "max_lag": 20,
    "autocorrelations": [
      -0.016535011784081836,
      0.007994672176286395,
      0.000932999906655786,
      -0.0028049875561605426,
      0.01635782965490235,
      0.006401359849029751,
      -0.008297709593688711,
      0.05144287266432287,
      -0.004186563208645265,
      -0.006633923902673461,
      0.017385124585065005,
      -0.016503268823089355,
      0.018140565782376144,
      0.016014439480058717,
      -0.019876685306345596,
      0.03867472804352696,
      -0.027971040867507773,
      0.031279253662182045,
      0.011243902746502816,
      -0.04071458394754469
    ],
    "is_white": false
  },
  "validated": true
}